UUID,First_Name,Middle_Name,Last_Name,Name_Data_Quality,SSN,SSNDataQuality,DOB,DOBDataQuality,AmIndAKNative,Asian,Black,NativeHIOtherPacific,White,RaceNone,Gender,OtherGender,VeteranStatus,YearEnteredService,YearSeparated,WorldWarII,KoreanWar,VietnamWar,DesertStorm,AfghanistanOEF,IraqOIF,IraqOND,OtherTheater,MilitaryBranch,Discharge_Status,,Date_Created,DateUpdated,UserID
90077,Robert,J,Hanks,1,100090077,1,1/1/1953,1,0,0,1,0,0,0,1,0,1,1971,1973,0,0,0,0,0,0,0,0,4,2,,3/14/00 5:21,8/26/15 1:52,182894
90703,J,N.,Jeppsen,1,100090703,1,1/1/1953,1,0,0,1,0,0,0,1,0,1,1971,1973,0,0,0,0,0,0,0,0,4,1,,3/14/00 5:21,2/10/16 3:37,245092
90739,George,Kevin,Wickstrom,1,100090739,1,1/1/1971,1,0,0,1,0,0,0,1,0,0,NULL,NULL,0,0,0,1,0,0,0,0,,,,3/14/00 5:21,11/5/15 2:23,239216
91161,Douglas,T,Andersen,1,100091161,1,1/1/1952,1,0,0,1,0,0,0,1,0,1,1970,1973,0,0,1,0,0,0,0,0,1,1,,3/14/00 5:21,12/16/15 3:00,245092
91501,Raz,E,Antonson,1,NULL,99,NULL,0,0,0,1,0,0,0,1,0,1,1974,1977,0,0,0,0,0,0,0,0,2,1,,3/14/00 5:21,12/16/15 1:59,245092
95126,Patricia,F,Benson,1,100095126,1,1/1/1980,1,0,0,1,0,0,0,0,0,1,2000,2003,0,0,0,0,0,0,0,0,2,1,,6/5/03 3:03,1/29/16 10:16,246539
95759,Charles,A,Grace,1,100095759,1,1/1/1961,1,0,0,1,0,0,0,0,0,1,1982,1985,0,0,0,0,0,0,0,0,1,2,,7/24/03 11:57,12/15/15 2:58,249221
98250,Clifford,A,Milligan,1,100098250,1,1/1/1961,1,0,0,1,0,0,0,1,0,1,1984,1987,0,0,0,0,0,0,0,0,1,1,,2/18/04 10:02,1/12/16 12:54,246539
99577,M,G,West,1,100099577,1,1/1/1961,1,0,0,1,0,0,0,1,0,1,1980,1982,0,0,0,0,0,0,0,0,4,1,,6/9/04 2:11,12/2/15 2:42,246539
101863,Karen,J Nathaniel,Benes,1,100101863,1,1/1/1960,1,0,0,1,0,0,0,1,0,1,1977,1983,0,0,0,0,0,0,0,0,1,1,,12/20/04 9:31,12/2/15 1:45,246539
102242,Andy,Imgrund,Flindt,1,100102242,1,NULL,99,0,0,1,0,0,0,0,1,0,NULL,NULL,0,0,0,0,0,0,0,0,3,1,,1/25/05 8:39,2/6/16 4:31,244492
105511,Melvin,J,Garthwaite,1,100105511,1,1/1/1962,1,0,0,1,0,0,0,1,0,0,NULL,NULL,0,0,0,1,0,0,0,0,1,1,,10/3/05 11:30,1/19/16 8:55,249427
106089,Michael,Sik Yu,Philipp,1,100106089,1,1/1/1959,1,0,0,1,0,0,0,1,0,0,NULL,NULL,0,0,0,0,0,0,0,0,1,1,,11/8/05 2:03,2/10/16 3:14,246539
106452,Timothy,W,Vaughn,1,100106452,1,1/1/1949,1,0,0,0,0,1,0,1,0,0,NULL,NULL,0,0,1,0,0,0,0,0,4,1,,12/12/05 10:07,10/6/15 7:36,179269
107295,John,R,Gast,1,100107295,1,1/1/1974,1,0,0,1,0,0,0,1,0,1,1997,2000,0,0,0,0,0,0,0,0,3,1,,3/6/06 9:17,10/28/15 2:49,246539
107564,Charles,M,Koepsel,1,100107564,1,NULL,99,0,0,1,0,0,0,1,0,1,1982,1985,0,0,0,0,0,0,0,0,1,1,,3/28/06 11:26,12/7/15 1:31,246539
108499,David,W,Aagaard,1,100108499,1,1/1/1945,1,0,0,1,0,0,0,1,0,1,1963,1964,0,0,0,0,0,0,0,0,3,2,,6/16/06 11:07,10/15/15 10:29,245092
110020,Robert,R,Long,1,100110020,1,1/1/1962,1,0,0,1,0,0,0,1,0,1,1992,1993,0,0,0,0,0,0,0,0,3,6,,9/13/06 9:31,2/29/16 10:26,245094
110604,Keith,L,Campbell,1,100110604,1,1/1/1963,1,0,0,1,0,0,0,1,0,0,NULL,NULL,0,0,0,0,0,0,0,0,3,6,,11/7/06 9:16,10/14/15 9:44,182894
111756,Larry,A,Kajisa,1,100111756,1,1/1/1963,1,0,0,1,0,0,0,0,0,1,1985,1989,0,0,0,0,0,0,0,0,1,1,,3/21/07 3:10,11/2/15 12:28,245881
114272,Zeming,M,Siepmann,1,100114272,1,1/1/1961,1,0,0,1,0,0,0,1,0,1,1986,1990,0,0,0,0,0,0,0,0,1,1,,10/17/07 9:07,10/16/15 10:19,245094
114494,,,,99,100114494,1,1/1/1955,1,0,0,1,0,0,0,0,0,1,1982,1993,0,0,0,0,0,0,0,0,1,1,,3/14/00 5:21,9/23/15 10:22,244892
115207,Linda,Rose,Afghani,1,100115207,1,1/1/1964,1,0,0,1,0,0,0,1,0,1,1985,1986,0,0,0,0,0,0,0,0,1,2,,3/14/00 5:21,10/21/15 10:37,245092
117712,Margaret,W,Griffin,1,100117712,1,1/1/1958,1,0,0,0,0,1,0,1,0,1,1975,1976,0,0,0,0,0,0,0,0,3,2,,3/6/08 9:05,2/18/16 10:29,246539
117753,Denise,M,Moore,1,100117753,1,1/1/1976,1,0,0,1,0,0,0,1,0,1,1995,1998,0,0,0,0,0,0,0,0,3,2,,3/11/08 9:05,12/17/15 3:01,243007
119351,Steven,D,Sinder,1,100119351,1,1/1/1954,1,0,0,1,0,0,0,1,0,1,1971,1973,0,0,1,0,0,0,0,0,1,1,,8/20/08 2:48,10/29/15 10:25,248348
122787,John,A,Gluecksmann,1,100122787,1,1/1/1959,1,0,0,1,0,0,0,1,0,1,1980,2006,0,0,0,1,0,0,0,0,1,1,,8/17/09 3:20,1/12/16 2:34,245092
123267,Paul,A,Pomata,1,100123267,1,1/1/1957,1,0,0,1,0,0,0,1,0,1,1977,1977,0,0,0,0,0,0,0,0,1,1,,3/14/00 5:22,11/23/15 1:41,246539
123866,Paul,,Ellsworth,1,100123866,1,1/1/1961,1,0,0,1,0,0,0,0,0,1,1980,1983,0,0,0,0,0,0,0,0,1,1,,3/14/00 5:22,11/6/15 1:03,246539
125689,Robert,,Harlow,1,100125689,1,1/1/1963,1,0,0,1,0,0,0,1,0,1,1983,1987,0,0,0,0,0,0,0,0,1,1,,3/14/00 5:22,12/8/15 1:03,245881
127185,Craig,J,Fournier,1,100127185,1,1/1/1953,1,0,0,0,0,1,0,1,0,1,1976,1976,0,0,0,0,0,0,0,0,4,1,,1/6/10 9:20,1/19/16 7:59,248350
130741,Veruska,A.,Zhang,1,100130741,1,1/1/1953,1,0,0,0,0,1,0,1,0,1,1971,1973,0,0,1,0,0,0,0,0,3,1,,8/7/00 3:25,10/8/15 1:12,244583
131634,Berkan,C.,Robinson,1,100131634,1,1/1/1959,1,0,0,1,0,0,0,1,0,0,NULL,NULL,0,0,0,0,0,0,0,0,,,,6/28/10 8:26,12/11/15 5:34,86270
132995,Byron,Kerem,De Pinho,1,100132995,1,1/1/1980,1,0,0,1,0,0,0,1,0,1,1999,2012,0,0,0,0,1,0,0,0,1,2,,10/21/10 8:52,11/23/15 7:43,182894
134073,James,Donald,Grillo,2,4973,2,1/1/1964,1,0,0,1,0,0,0,1,0,1,1982,1986,0,0,0,0,0,0,0,0,1,1,,11/1/10 11:32,2/22/16 4:51,245092
134315,Karl,E,Herring,1,,99,1/1/1975,1,0,0,0,0,1,0,0,0,1,1997,1997,0,0,0,0,0,0,0,0,1,7,,11/29/10 8:21,10/16/15 9:35,248348
134325,David,G,MacNichol,1,100134325,1,1/1/1961,1,0,0,0,0,1,0,1,0,1,1982,1984,0,0,0,0,0,0,0,0,2,1,,11/29/10 2:47,12/17/15 2:08,246539
136170,Jeffrey,M,Terrano,1,100136170,1,1/1/1985,1,0,0,1,0,0,0,1,0,1,1985,2012,0,0,0,0,1,0,0,0,1,2,,7/7/00 11:41,12/8/15 12:58,246539
136673,Bryon,S,Veschi,1,100136673,1,1/1/1956,1,0,0,1,0,0,0,1,0,1,1976,1985,0,0,0,0,0,0,0,0,1,1,,2/9/01 2:10,8/12/15 8:51,245092
137072,John,A,Giugliano,1,100137072,1,1/1/1967,1,0,0,1,0,0,0,1,0,1,1988,1994,0,0,0,0,0,0,0,0,1,1,,3/27/01 8:10,12/15/15 3:11,182894
143804,Lee,A,Zhang,1,100143804,1,1/1/2000,1,0,0,1,0,0,0,1,0,99,NULL,NULL,0,0,0,0,0,0,0,0,,,,4/1/02 2:56,4/1/02 2:56,11
152213,David,Alfred,Bobys,1,100152213,1,1/1/2004,1,0,0,1,0,0,0,3,0,99,NULL,NULL,0,0,0,0,0,0,0,0,,,,8/9/04 9:16,8/9/04 9:16,11
160329,Steven,L,Evans,1,100160329,1,1/1/1991,1,0,0,1,0,0,0,1,0,1,2010,2012,0,0,0,0,0,0,0,0,1,2,,11/1/06 7:03,2/6/16 5:16,244492
161215,Philip,E,Imperato,2,100161215,1,1/1/1998,1,0,0,1,0,0,0,0,0,99,NULL,NULL,0,0,0,0,0,0,0,0,,,,3/21/07 3:20,12/11/15 1:08,245881
161216,Matthew,P,Leonard,1,100161216,1,1/1/2000,1,0,0,1,0,0,0,0,0,99,NULL,NULL,0,0,0,0,0,0,0,0,,,,3/21/07 3:21,12/17/15 11:50,245881
172674,John,Andrew,Bouscaren,1,100172674,1,1/1/1954,1,0,0,1,0,0,0,1,0,1,1972,1974,0,0,0,0,0,0,0,0,4,2,,9/13/01 1:55,10/19/15 10:24,246539
172797,Kevin,L,Hwung,1,100172797,1,1/1/1960,1,0,0,1,0,0,0,1,0,0,NULL,NULL,0,0,0,0,0,0,0,0,1,1,,9/27/01 11:01,7/23/15 8:50,182894
174662,Alan,H,Kundrat,1,100174662,1,1/1/1976,1,0,0,1,0,0,0,2,0,1,1994,1996,0,0,0,0,0,0,0,0,3,1,,4/1/02 2:52,2/3/16 3:27,248348
174821,James,J,Mayer,1,100174821,1,1/1/1966,1,0,0,1,0,0,0,1,0,1,1996,1999,0,0,0,1,0,0,0,0,1,1,,4/16/02 11:22,12/21/15 9:20,178107
176504,Sundar,A,Simon,1,100176504,1,1/1/1960,1,0,0,1,0,0,0,1,0,1,1978,1980,0,0,0,0,0,0,0,0,1,6,,8/27/02 10:24,1/19/16 9:03,182894
176962,Lorraine,J,Marsh,1,100176962,1,1/1/1958,1,0,0,1,0,0,0,1,0,1,1977,1980,0,0,0,0,0,0,0,0,4,1,,6/14/11 6:54,10/13/15 12:41,246539
177592,Ann,E,Carmack,1,100177592,1,1/1/1967,1,0,0,0,0,1,0,99,1,1,1987,1984,0,0,0,0,0,0,0,0,2,1,,7/29/11 1:48,2/4/16 8:32,249427
180884,Colene,Kulprathipanja,Downing,1,100180884,1,1/1/1954,1,0,0,1,0,0,0,1,0,1,1972,1973,0,0,0,0,0,0,0,0,4,2,,1/25/12 10:13,8/14/15 12:34,245076
181183,Kevin,Elizabeth Hartman,Nguyen,1,100181183,1,1/1/1961,1,0,0,1,0,0,0,1,0,1,1983,1984,0,0,0,0,0,0,0,0,1,6,,2/10/12 10:34,2/29/16 6:00,248351
182784,Trisha,W,Ford,1,100182784,1,1/1/1963,1,0,0,1,0,0,0,1,0,1,1990,1991,0,0,0,0,0,0,0,0,1,2,,5/24/12 4:16,2/4/16 12:03,248351
183833,Gregory,Durbin,Ennis,1,100183833,1,1/1/1981,1,0,0,1,0,0,0,1,0,1,2002,2003,0,0,0,0,0,0,0,0,1,1,,7/30/12 4:36,2/4/16 9:07,249221
185836,Scott,D,Wang,1,100185836,1,1/1/1970,1,0,0,1,0,0,0,1,0,1,1996,2005,0,0,0,0,1,1,0,0,3,1,,12/14/12 9:55,10/28/15 2:36,246539
187565,Melissa,A,Samonek,1,100187565,1,1/1/1955,1,0,0,1,0,0,0,1,0,1,1977,1983,0,0,0,0,0,0,0,0,1,1,,4/22/13 2:49,1/4/16 8:41,245092
188821,Adam,Evans,Roth,1,100188821,1,1/1/1951,1,0,0,1,0,0,0,1,0,1,1971,1972,0,0,0,0,0,0,0,0,1,6,,8/2/13 1:14,10/28/15 10:38,182894
189044,Elizabeth,S,Tapia,1,100189044,1,1/1/1960,1,0,0,1,0,0,0,0,0,1,1979,1980,0,0,0,0,0,0,0,0,1,1,,8/22/13 10:05,2/1/16 1:40,245094
189603,Michael,S,Weins,1,100189603,1,1/1/1971,1,0,0,1,0,0,0,0,0,1,1989,1990,0,0,0,0,0,0,0,0,1,7,,10/2/13 11:00,10/26/15 7:52,245094
189605,Stephen,G,Lipski,1,100189605,1,1/1/2002,1,0,0,1,0,0,0,9,1,0,NULL,NULL,0,0,0,0,0,0,0,0,,,,10/2/13 5:03,10/22/15 1:49,245094
189606,Philip,L.,Ahsan,1,100189606,1,1/1/2008,1,0,0,1,0,0,0,99,1,0,NULL,NULL,0,0,0,0,0,0,0,0,,,,10/2/13 5:05,10/26/15 7:52,245094
238430,Erik,Y,Ai,1,100238430,1,1/1/1963,1,0,0,0,0,1,0,1,0,1,1981,1985,0,0,0,0,0,0,0,0,3,1,,12/13/13 12:46,2/5/16 7:17,245094
238431,Philip,M.,Ali,1,100238431,1,1/1/1962,1,0,0,0,0,1,0,0,0,0,NULL,NULL,0,0,0,0,0,0,0,0,,,,12/13/13 12:47,2/5/16 7:19,245094
238583,Dena,J,Schloff,1,100238583,1,1/1/1968,1,0,0,1,0,0,0,1,0,1,1989,1996,0,0,0,1,0,0,0,0,3,1,,1/8/14 2:01,7/28/15 8:55,188978
238612,Nicole,Marie VanDeVoort,Schonberger,1,100238612,1,1/1/1969,1,0,0,1,0,0,0,1,0,1,1996,2011,0,0,0,0,0,1,0,0,1,1,,1/14/14 7:30,1/11/16 9:06,248348
238817,Dean,J,Perkins,1,100238817,1,1/1/1955,1,0,0,1,0,0,0,1,0,1,1973,1947,0,0,1,0,0,0,0,0,4,1,,2/4/14 7:51,11/10/15 9:07,182894
239479,Carolyn,A,Owens,1,100239479,1,1/1/1956,1,0,0,1,0,0,0,1,0,1,1974,1976,0,0,0,0,0,0,0,0,3,2,,4/8/14 9:44,2/12/16 10:34,246539
239861,Yen,A,Smith,1,100239861,1,1/1/1961,1,0,0,1,0,0,0,1,0,1,1979,1982,0,0,0,0,0,0,0,0,3,1,,5/13/14 12:38,2/12/16 2:57,86250
240059,Lisa,Tong,Heydon,1,100240059,1,1/1/1953,1,0,0,1,0,0,0,1,0,1,1974,1979,0,0,0,0,0,0,0,0,2,1,,5/27/14 2:12,11/19/15 9:03,182894
240178,Christopher,P,Chiang,1,100240178,1,1/1/1949,1,0,0,1,0,0,0,1,0,1,1968,1971,0,0,0,0,0,0,0,0,1,1,,6/9/14 8:30,2/15/16 9:47,86250
240179,Melanie,Michael,Whitaker,1,100240179,1,1/1/2007,1,0,0,1,0,0,0,0,0,99,NULL,NULL,0,0,0,0,0,0,0,0,,,,6/9/14 8:32,12/11/15 1:54,245094
240180,Kevin,G,Mancini,2,0180,2,1/1/2008,1,0,0,1,0,0,0,1,0,99,,,0,0,0,0,0,0,0,0,,,,6/9/14 8:33,1/14/16 7:30,182894
240460,Kathleen,R,Cronin,1,100240460,1,1/1/1965,1,0,0,1,0,0,0,0,0,1,1988,1990,0,0,0,0,0,0,0,0,1,1,,7/7/14 12:47,11/6/15 2:51,86270
240712,Dean,M. B.,McQueeney,1,100240712,1,1/1/1983,1,0,0,1,0,0,0,0,0,1,2001,2011,0,0,0,0,0,0,0,0,3,1,,7/29/14 2:18,2/25/15 7:49,241427
240713,Irina,M,Haynes,1,100240713,1,1/1/2005,1,0,0,1,0,0,0,0,0,0,NULL,NULL,0,0,0,0,0,0,0,0,,,,7/29/14 2:21,12/9/15 10:43,248678
240714,Robert,,Murray,1,100240714,1,1/1/2011,1,0,0,1,0,0,0,1,0,0,NULL,NULL,0,0,0,0,0,0,0,0,,,,7/29/14 2:23,7/29/14 2:23,187044
240942,,,,99,,99,1/1/1955,1,0,0,1,0,0,0,0,0,0,,,0,0,0,0,0,0,0,0,,,,8/18/14 12:23,8/18/14 12:23,186063
241104,Lynn,C,Zelson,1,100241104,1,1/1/1979,1,0,0,1,0,0,0,1,0,1,1998,2003,0,0,0,0,0,0,0,0,3,4,,9/5/14 2:13,1/13/16 1:13,86250
241169,Daniel,R,Beldon,1,100241169,1,1/1/1957,1,0,0,1,0,0,0,1,0,1,1974,1974,0,0,0,0,0,0,0,0,1,1,,9/12/14 8:03,7/20/15 10:44,188978
243168,Robert,J,Boyer,1,100243168,1,1/1/1978,1,0,0,1,0,0,0,0,0,1,1997,2009,0,0,0,0,0,0,0,0,3,1,,10/28/14 2:31,11/12/15 10:30,182894
243183,James,H,Carr-Trexler,1,100243183,1,1/1/1968,1,0,0,0,0,1,0,0,0,1,1989,1992,0,0,0,0,0,0,0,0,2,1,,10/29/14 9:20,10/29/14 9:20,239008
243203,Janet,A,Hoke,1,100243203,1,1/1/1968,1,0,0,0,0,1,0,0,0,1,1989,1992,0,0,0,0,0,0,0,0,2,1,,10/30/14 8:20,3/10/15 2:01,239008
243213,Harold,A,Jones,1,100243213,1,1/1/2005,1,0,0,1,0,0,0,1,0,99,NULL,NULL,0,0,0,0,0,0,0,0,,,,10/30/14 10:01,10/30/14 10:21,86070
244633,Kent,C,Kiernan,1,100244633,1,1/1/1970,1,0,0,0,0,1,0,1,0,1,1989,1990,0,0,0,0,0,0,0,0,1,1,,12/5/14 7:48,9/29/15 12:00,245076
244634,Johannes,S,Morris,1,100244634,1,1/1/1982,1,0,0,0,0,1,0,0,0,0,NULL,NULL,0,0,0,0,0,0,0,0,,,,12/5/14 8:12,9/29/15 12:00,245076
244636,Bruce,P. M.,Rodgers,1,100244636,1,1/1/1996,1,0,0,0,0,1,0,1,0,0,NULL,NULL,0,0,0,0,0,0,0,0,,,,12/5/14 8:16,9/29/15 12:00,245076
244637,Julie,A,Schaal,1,100244637,1,1/1/2003,1,0,0,0,0,1,0,0,0,99,NULL,NULL,0,0,0,0,0,0,0,0,,,,12/5/14 8:18,9/29/15 12:00,245076
244638,Jean,A.,Yang,1,100244638,1,1/1/2004,1,0,0,0,0,1,0,1,0,0,NULL,NULL,0,0,0,0,0,0,0,0,,,,12/5/14 8:20,9/29/15 12:00,245076
244639,Eloise,A,Chaskar,1,100244639,1,1/1/2006,1,0,0,0,0,1,0,1,0,0,NULL,NULL,0,0,0,0,0,0,0,0,,,,12/5/14 8:21,9/29/15 12:00,245076
244640,Daniel,J,DiRico,1,100244640,1,1/1/2008,1,0,0,0,0,1,0,1,0,0,NULL,NULL,0,0,0,0,0,0,0,0,,,,12/5/14 8:24,9/29/15 12:00,245076
245181,Aleksander,R,Kammlade,1,100245181,1,1/1/1962,1,0,0,0,0,1,0,1,0,1,1981,1983,0,0,0,0,0,0,0,0,1,1,,1/26/15 8:01,2/23/16 5:49,245881
245199,Michelle,,Sorensen,1,100245199,1,1/1/1989,1,0,0,1,0,1,0,0,0,0,NULL,NULL,0,0,0,0,0,0,0,0,,,,1/26/15 1:15,8/3/15 10:05,86270
245519,William,M,Dabbiere,1,100245519,1,1/1/1962,1,0,0,0,0,1,0,1,0,1,1979,1981,0,0,0,0,0,0,0,0,1,2,,2/13/15 12:17,7/6/15 8:36,245092
245538,Robert,D,Aitken,1,100245538,1,NULL,99,0,0,0,0,1,0,0,0,0,NULL,NULL,0,0,0,0,0,0,0,0,,,,2/17/15 9:58,7/6/15 8:40,245092
245678,Sandra,S.,Pathak,1,100245678,1,1/1/1987,1,0,0,0,0,1,0,1,0,1,2008,2012,0,0,0,0,0,0,0,0,3,2,,2/26/15 12:07,7/20/15 2:00,188978
245693,Jeffrey,K,Cuticchia,1,100245693,1,1/1/1963,1,0,0,1,0,0,0,1,0,1,1984,1987,0,0,0,0,0,0,0,0,1,1,,2/27/15 9:37,6/29/15 3:19,245076
245694,Peter,M,Lim,1,100245694,1,1/1/1964,1,0,0,1,0,0,0,0,0,0,NULL,NULL,0,0,0,0,0,0,0,0,,,,2/27/15 9:39,2/4/16 2:07,248351
245780,David,L,Aka,1,100245780,1,1/1/1956,1,0,0,0,0,1,0,1,0,0,NULL,NULL,0,0,0,0,0,0,0,0,,,,3/6/15 7:50,12/29/15 9:36,246539
245839,Steven,B,Chan,2,5839,2,1/1/1954,1,0,0,1,0,0,0,1,0,1,1974,1976,0,0,0,0,0,0,0,0,4,1,,3/11/15 8:37,11/2/15 8:21,182894
245920,Ronnie,J,Nguyen,2,5920,2,1/1/2005,1,0,0,1,0,0,0,0,0,99,,,0,0,0,0,0,0,0,0,,,,3/18/15 9:52,8/4/15 1:18,181017
245921,Ted,L,Matt,2,5921,2,1/1/2007,1,0,0,1,0,0,0,1,0,99,,,0,0,0,0,0,0,0,0,,,,3/18/15 9:54,8/4/15 1:18,181017
246076,Gregg,K,Collins,1,100246076,1,1/1/1959,1,0,0,1,0,0,0,0,0,1,1988,1987,0,0,0,0,0,0,0,0,2,1,,3/30/15 9:51,8/5/15 2:51,245076
246077,David,H,Davis,1,100246077,1,1/1/1997,1,0,0,1,0,0,0,1,0,0,NULL,NULL,0,0,0,0,0,0,0,0,,,,3/30/15 9:53,3/30/15 9:54,245076
246106,Thomas,J,Chiabotti,1,100246106,1,1/1/1957,1,0,0,1,0,0,0,1,0,1,1976,1976,0,0,0,0,0,0,0,0,3,1,,3/31/15 9:48,1/13/16 7:55,248351
246346,Robert,M,Dixon,1,100246346,1,1/1/1958,1,0,0,1,0,0,0,1,0,1,1979,1980,0,0,0,0,0,0,0,0,4,1,,4/23/15 2:28,4/23/15 2:28,245076
246396,Pamela,W,Harris,1,100246396,1,1/1/1955,1,0,0,1,0,0,0,1,0,1,1976,1985,0,0,0,0,0,0,0,0,4,7,,4/30/15 8:16,9/1/15 1:33,177827
246411,Kristofor,Lorena,Passler,1,100246411,1,1/1/1957,1,0,0,1,0,0,0,1,0,1,1978,1982,0,0,0,0,0,0,0,0,1,1,,5/1/15 9:36,2/15/16 5:27,248348
246433,Emily,L,Zachariah,1,100246433,1,1/1/1966,1,0,0,0,0,1,0,1,0,1,1988,2008,0,0,0,1,0,1,0,0,1,1,,5/4/15 12:11,10/28/15 9:49,244892
246586,Lance,M,Hinson,1,100246586,1,1/1/1956,1,0,0,1,0,0,0,1,0,1,1973,1975,0,0,1,0,0,0,0,0,1,1,,5/18/15 10:29,10/13/15 10:26,245076
246662,Amy,L,Smith,1,100246662,1,1/1/1972,1,0,0,1,0,0,0,1,0,1,1992,1993,0,0,0,0,0,0,0,0,4,6,,5/21/15 12:45,2/4/16 2:54,86270
246696,Anna,L,Burke,1,100246696,1,1/1/1965,1,0,0,0,0,1,0,0,0,1,1993,1993,0,0,0,0,0,0,0,0,2,7,,5/26/15 10:00,12/15/15 12:46,245881
246760,Michael,A,DeGrasse,1,100246760,1,1/1/1967,1,0,0,1,0,0,0,0,0,1,1986,1987,0,0,0,0,0,0,0,0,1,1,,5/29/15 2:16,12/9/15 12:00,248678
246799,Kenneth,G.,Graff,1,100246799,1,1/1/1973,1,0,0,1,0,0,0,1,0,1,1991,1993,0,0,0,1,0,0,0,0,1,1,,6/2/15 2:37,7/14/15 12:07,245076
246850,Bradford,B,MacDonald,1,100246850,1,1/1/2008,1,0,0,1,0,0,0,1,0,99,NULL,NULL,0,0,0,0,0,0,0,0,,,,6/4/15 2:09,7/31/15 8:29,245076
246885,Alan,B,Mixon,1,100246885,1,1/1/1958,1,0,0,1,0,0,0,1,0,1,1977,1980,0,0,0,0,0,0,0,0,4,1,,8/31/15 2:27,10/9/15 1:06,245881
246889,William,,Raucci,1,100246889,1,1/1/1957,1,0,0,1,0,0,0,0,0,0,NULL,NULL,0,0,0,0,0,0,0,0,,,,6/8/15 10:49,10/9/15 1:06,245881
246890,Anthony,R,Martin,1,100246890,1,1/1/2004,1,0,0,1,0,0,0,1,0,99,NULL,NULL,0,0,0,0,0,0,0,0,,,,6/8/15 10:51,10/9/15 1:06,245881
246891,Victor,G,LLagostera,1,100246891,1,1/1/2009,1,0,0,1,0,0,0,1,0,99,NULL,NULL,0,0,0,0,0,0,0,0,,,,6/8/15 10:53,10/9/15 1:06,245881
246930,Allen,Martin,Brown,1,100246930,1,1/1/2010,1,0,0,1,0,0,0,1,0,99,NULL,NULL,0,0,0,0,0,0,0,0,,,,6/10/15 9:48,7/31/15 8:29,245076
246938,Leong,J,Landis,1,100246938,1,1/1/1951,1,0,0,0,0,1,0,1,0,1,1969,1972,0,0,0,0,0,0,0,0,3,1,,6/10/15 1:11,1/12/16 2:03,245092
246946,Timothy,Chi,Tatachar,1,100246946,1,1/1/1967,1,0,0,0,0,1,0,0,0,1,1985,1989,0,0,0,0,0,0,0,0,3,1,,6/10/15 2:10,10/28/15 1:46,246539
246952,Les,W,Carrano,1,100246952,1,1/1/1964,1,0,0,1,0,0,0,1,0,1,1983,1986,0,0,0,0,0,0,0,0,4,1,,6/11/15 8:07,10/9/15 10:05,178107
246960,James,A,Clonts,1,100246960,1,1/1/1966,1,0,0,1,0,0,0,0,0,1,1984,1988,0,0,0,0,0,0,0,0,4,1,,6/11/15 12:12,11/9/15 1:50,245094
247032,Alexandra,G,Elderkin,1,100247032,1,1/1/1957,1,0,0,1,0,0,0,1,0,1,1978,1981,0,0,0,0,0,0,0,0,1,1,,6/17/15 8:08,11/30/15 1:06,182894
247045,Robert,J,Garcia,1,100247045,1,1/1/1983,1,0,0,1,0,0,0,0,0,1,2002,2005,0,0,0,0,0,1,0,0,1,1,,6/17/15 12:12,12/14/15 9:52,246539
247093,Anthony,W,Hewitt,1,100247093,1,1/1/1949,1,0,0,1,0,0,0,1,0,1,1970,1972,0,0,0,0,0,0,0,0,1,1,,6/22/15 12:06,10/15/15 10:18,182894
247128,Albert,Randall,Johnson,1,100247128,1,1/1/2010,1,0,0,1,0,0,0,1,0,99,NULL,NULL,0,0,0,0,0,0,0,0,,,,6/24/15 12:18,10/27/15 10:06,178970
247129,Emmett,F,Johnson,1,100247129,1,1/1/2011,1,0,0,1,0,0,0,1,0,99,NULL,NULL,0,0,0,0,0,0,0,0,,,,6/24/15 12:18,10/27/15 10:07,178970
247130,Anthony,S,Joyner,1,100247130,1,1/1/1985,1,0,0,1,0,0,0,1,0,0,NULL,NULL,0,0,0,0,0,0,0,0,,,,6/24/15 12:20,10/28/15 12:40,246539
247171,Darnita,J,Klein,1,100247171,1,1/1/1960,1,0,0,1,0,0,0,1,0,1,1979,1983,0,0,0,0,0,0,0,0,2,1,,6/29/15 8:58,6/30/15 8:44,178547
247191,Angela,Y,Maslowski,1,100247191,1,1/1/1959,1,0,0,1,0,0,0,0,0,1,1983,1986,0,0,0,0,0,0,0,0,1,1,,6/30/15 1:11,6/30/15 1:12,245076
247238,Chester,S,Mikson,1,100247238,1,1/1/1979,1,0,0,1,0,0,0,0,0,1,2005,2009,0,0,0,0,0,0,0,0,1,1,,7/6/15 9:55,7/6/15 9:55,245076
247240,James,,Pearson,1,100247240,1,1/1/1960,1,0,0,1,0,0,0,0,0,0,NULL,NULL,0,0,0,0,0,0,0,0,,,,7/6/15 10:12,7/6/15 10:13,186063
247332,Ryan,,Rhoades,2,7332,2,1/1/1969,1,0,0,0,0,1,0,1,0,1,1989,1990,0,0,0,0,0,0,0,0,1,1,,7/10/15 11:11,10/12/15 11:34,244583
247333,Joy,Holbrook,Sarosi,1,100247333,1,1/1/1968,1,0,0,0,0,1,0,0,0,0,NULL,NULL,0,0,0,0,0,0,0,0,,,,7/10/15 11:14,7/10/15 11:15,244583
247350,Marius,Y,Vondle,1,100247350,1,1/1/1964,1,0,0,1,0,0,0,1,0,1,1987,1989,0,0,0,0,0,0,0,0,1,2,,7/13/15 10:31,9/15/15 8:47,245076
247351,Aaron,J,Warren,1,100247351,1,1/1/1967,1,0,0,1,0,0,0,0,0,0,NULL,NULL,0,0,0,0,0,0,0,0,,,,7/13/15 10:34,7/13/15 10:34,245076
247489,Michael,E,Wittenzellner,1,100247489,1,1/1/1970,1,0,0,0,0,1,0,1,0,1,1988,1993,0,0,0,1,0,0,0,0,2,1,,7/21/15 12:49,8/19/15 2:07,245094
247503,Kevin,J,Fawzy,1,100247503,1,NULL,9,0,0,0,0,1,0,1,0,1,1975,1975,0,0,0,0,0,0,0,0,4,1,,7/22/15 9:19,8/6/15 9:47,188978
247531,Jack,P,Bauer,2,100247531,1,1/1/1972,1,0,0,0,0,1,0,2,0,1,1992,1997,0,0,0,0,0,0,0,0,3,1,,7/24/15 8:23,1/13/16 2:33,245881
247540,Jerry,J,Munoz-Pascua,1,100247540,1,1/1/1981,1,0,0,1,0,0,0,1,0,1,2001,2011,0,0,0,0,0,1,0,0,1,1,,7/24/15 12:23,2/11/16 9:13,182894
247597,Steven,W,Oakes,1,100247597,1,1/1/1957,1,0,0,1,0,0,0,1,0,1,1976,1980,0,0,0,0,0,0,0,0,1,1,,7/29/15 7:42,12/7/15 2:44,248348
247603,Paul,W,Park,1,100247603,1,1/1/1990,1,0,0,0,0,1,0,1,0,1,2009,2010,0,0,0,0,0,0,0,0,4,6,,7/29/15 10:21,10/1/15 10:39,245092
247610,Robert,R,Rosbrook,1,100247610,1,1/1/1943,1,0,0,0,0,1,0,1,0,1,1965,1971,0,0,0,0,0,0,0,0,1,1,,7/29/15 1:25,10/21/15 2:18,245881
247611,Michael,P,Verrecchio,1,100247611,1,1/1/1981,1,0,0,0,0,1,0,0,0,1,2002,2009,0,0,0,0,1,1,0,0,3,1,,7/30/15 7:14,9/28/15 9:00,186272
247633,Melissa,M,Mick,1,100247633,1,1/1/1982,1,0,0,1,0,0,0,1,0,1,2004,2006,0,0,0,0,0,0,0,0,1,1,,7/31/15 8:27,7/31/15 8:28,245076
247635,Denis,J,O'Neill,1,100247635,1,1/1/1995,1,0,0,0,0,1,0,0,0,1,2014,2015,0,0,0,0,0,0,0,0,1,1,,7/31/15 9:51,10/15/15 12:46,245881
247636,James,,Mathis,1,100247636,1,1/1/1993,1,0,0,0,0,1,0,1,0,0,NULL,NULL,0,0,0,0,0,0,0,0,,,,7/31/15 9:53,7/31/15 9:53,245881
247742,Norby,L,Hartman,1,100247742,1,1/1/1965,1,0,0,1,0,0,0,1,0,1,1986,1989,0,0,0,0,0,0,0,0,4,2,,8/10/15 8:29,10/28/15 9:04,246539
247758,Kenneth,L,Parton,1,100247758,1,1/1/1984,1,0,0,0,0,1,0,1,0,1,2009,2013,0,0,0,0,1,0,0,0,1,1,,8/11/15 8:59,10/12/15 8:42,244583
247830,Allen,P,Safiullah,1,100247830,1,1/1/1957,1,0,0,1,0,0,0,1,0,1,1977,1983,0,0,0,0,0,0,0,0,4,1,,8/14/15 12:33,8/14/15 12:34,182894
247843,Susan,W,Moffett,1,100247843,1,1/1/1959,1,0,0,1,0,0,0,0,0,1,1954,1962,0,0,0,0,0,0,0,0,2,1,,8/17/15 9:52,12/9/15 9:40,248678
247856,Daniel,C,Ring,1,100247856,1,NULL,9,0,0,1,0,0,0,1,0,1,1984,1989,0,0,0,0,0,0,0,0,1,1,,8/18/15 7:24,8/18/15 7:25,247275
247857,Regina,S.,Babcock,1,100247857,1,1/1/1949,1,0,0,0,0,1,0,1,0,1,1968,2015,0,0,0,0,0,0,0,0,2,1,,8/18/15 7:38,12/9/15 10:02,248678
247914,Yoek-Lin,M,Djokovic,2,7914,2,1/1/1952,1,1,0,0,0,0,0,1,0,1,1973,1974,0,0,0,0,0,0,0,0,2,1,,8/20/15 2:12,8/20/15 2:13,245076
247915,Audrey,S - T,Abruzzo,1,100247915,1,1/1/1952,1,0,0,1,0,0,0,0,0,0,NULL,NULL,0,0,0,0,0,0,0,0,,,,8/20/15 2:15,8/20/15 2:15,245076
247921,Cheryl,L,Hadikusumo,1,100247921,1,1/1/1976,1,0,0,1,0,0,0,1,0,1,1996,2000,0,0,0,0,0,0,0,0,3,1,,8/21/15 9:53,8/21/15 9:54,247275
247928,Lee,L,Mancini,2,7928,2,1/1/1978,1,0,0,0,0,1,0,1,0,1,1997,2001,0,0,0,0,0,0,0,0,4,1,,8/21/15 1:35,10/14/15 12:50,245881
247929,Moose,,,2,100247929,1,1/1/1979,1,0,0,0,0,1,0,0,0,0,NULL,NULL,0,0,0,0,0,0,0,0,,,,8/21/15 1:38,10/13/15 1:06,245881
247930,Johanna,,Meade,1,100247930,1,1/1/2010,1,0,0,0,0,1,0,0,0,99,NULL,NULL,0,0,0,0,0,0,0,0,,,,8/21/15 1:38,8/21/15 1:38,245881
247931,Bernard,Marie,Morriss,1,100247931,1,1/1/2013,1,0,0,0,0,1,0,0,0,99,NULL,NULL,0,0,0,0,0,0,0,0,,,,8/21/15 1:38,8/21/15 1:38,245881
247932,Gabryleda,G,Vickrey,1,100247932,1,1/1/1973,1,0,0,0,0,1,0,1,0,1,1993,1994,0,0,0,0,0,0,0,0,3,1,,8/21/15 2:41,10/12/15 8:18,244583
247933,Nancy,,Wolfe,2,7933,2,1/1/1997,1,0,0,0,0,1,0,1,0,0,,,0,0,0,0,0,0,0,0,,,,8/21/15 2:49,8/21/15 2:49,244583
247934,Mimi,Jean,Lucas,1,100247934,1,1/1/2003,1,0,0,0,0,1,0,1,0,99,NULL,NULL,0,0,0,0,0,0,0,0,,,,8/21/15 2:49,8/21/15 2:49,244583
248060,Shannon,C,Chen,1,100248060,1,1/1/1971,1,0,0,1,0,0,0,1,0,1,1996,2000,0,0,0,0,0,0,0,0,3,6,,8/27/15 1:19,11/12/15 9:45,177827
248062,Karen,M,Brooks,1,100248062,1,1/1/1963,1,0,0,1,0,0,0,1,0,1,1984,1988,0,0,0,0,0,0,0,0,1,2,,8/27/15 1:34,9/2/15 10:19,245094
248126,Milan,M,Cooper,1,100248126,1,1/1/1989,1,0,0,1,0,0,0,0,0,1,2007,2009,0,0,0,0,0,0,0,0,3,2,,8/31/15 10:48,8/31/15 10:48,245076
248127,Timothy,,Gardner,1,100248127,1,1/1/2014,1,0,0,1,0,0,0,0,0,99,NULL,NULL,0,0,0,0,0,0,0,0,,,,8/31/15 10:49,8/31/15 10:50,245076
248129,Eric,P,Gordon,1,100248129,1,1/1/1963,1,0,0,1,0,0,0,0,0,1,1981,1989,0,0,0,0,0,0,0,0,1,1,,8/31/15 11:25,12/22/15 2:28,248678
248176,Andrew,P,Hickman,1,100248176,1,1/1/2002,1,0,0,0,0,1,0,0,0,99,NULL,NULL,0,0,0,0,0,0,0,0,,,,9/2/15 8:45,10/5/15 8:52,182894
248201,,,,99,100248201,1,1/1/1959,1,0,0,0,0,1,0,1,0,1,1976,1977,0,0,0,0,0,0,0,0,4,2,,9/3/15 10:26,2/23/16 4:56,246539
248202,James,A,Frank,1,100248202,1,1/1/1959,1,0,0,0,0,1,0,0,0,0,NULL,NULL,0,0,0,0,0,0,0,0,,,,9/3/15 10:30,9/3/15 10:31,246539
248207,Jon,A,Steele,1,100248207,1,1/1/1970,1,0,0,1,0,0,0,1,0,1,1989,1990,0,0,0,0,0,0,0,0,1,1,,9/4/15 8:23,10/7/15 3:06,246539
248232,Sarita,P.,Lantsman,1,100248232,1,1/1/1956,1,0,0,0,0,1,0,1,0,1,1974,1977,0,0,0,0,0,0,0,0,1,1,,9/8/15 12:26,10/28/15 9:45,246539
248238,Beth,P,McDonald,1,100248238,1,1/1/1959,1,0,0,0,0,1,0,1,0,1,1979,1986,0,0,0,0,0,0,0,0,1,1,,9/8/15 1:26,10/29/15 11:48,246539
248239,Paul,A,Seita,1,100248239,1,1/1/1957,1,0,0,0,0,1,0,0,0,0,NULL,NULL,0,0,0,0,0,0,0,0,,,,9/8/15 1:29,10/5/15 1:10,246539
248240,Roy,David,Hoefling,1,100248240,1,NULL,99,0,0,0,0,1,0,1,0,1,1977,1981,0,0,0,0,0,0,0,0,2,1,,9/8/15 2:44,10/29/15 11:59,246539
248257,Tamara,A,Kliebert,1,100248257,1,NULL,99,0,0,0,0,1,0,1,0,1,1965,1989,0,0,0,0,0,0,0,0,1,1,,9/9/15 1:19,11/23/15 2:34,245094
248489,David,Jennifer,Jubinsky,1,100248489,1,NULL,99,0,0,0,0,1,0,1,0,1,1978,1981,0,0,0,0,0,0,0,0,1,1,,10/1/15 8:56,10/1/15 8:57,244583
248507,Mark,J,Bordas,1,100248507,1,1/1/1958,1,0,0,1,0,0,0,1,0,1,1978,1979,0,0,0,0,0,0,0,0,3,1,,10/2/15 10:07,10/29/15 11:26,246539
248537,Mark,R,Agdeppa,1,100248537,1,1/1/1975,1,0,0,0,0,1,0,1,0,1,2004,2008,0,0,0,0,0,0,0,0,3,1,,10/5/15 1:25,10/6/15 2:12,245094
248538,Jonathan,B.,Albert,1,100248538,1,1/1/1975,1,0,0,0,0,1,0,0,0,0,NULL,NULL,0,0,0,0,0,0,0,0,,,,10/5/15 1:55,10/6/15 2:13,245094
248547,John,D,Augustine,1,100248547,1,1/1/1969,1,0,0,1,0,0,0,0,0,0,NULL,NULL,0,0,0,0,0,0,0,0,,,,10/6/15 12:20,10/6/15 12:21,245076
248548,Angie,K,Cyhan,1,100248548,1,1/1/2010,1,0,0,0,0,1,0,1,0,99,NULL,NULL,0,0,0,0,0,0,0,0,,,,10/6/15 12:42,10/6/15 12:42,245094
248549,Ronald,M,Dhand,1,100248549,1,1/1/2011,1,0,0,0,0,1,0,0,0,99,NULL,NULL,0,0,0,0,0,0,0,0,,,,10/6/15 12:42,10/6/15 12:42,245094
248550,Victoria,D,Robertson,1,100248550,1,1/1/2015,1,0,0,0,0,1,0,0,0,99,NULL,NULL,0,0,0,0,0,0,0,0,,,,10/6/15 12:42,10/6/15 12:42,245094
248552,Randy,L,Platt,1,100248552,1,1/1/1967,1,0,0,0,0,1,0,1,0,1,1988,1991,0,0,0,0,0,0,0,0,3,1,,10/6/15 12:47,10/28/15 11:34,246539
248555,Denise,,Tousi,1,100248555,1,1/1/1984,1,0,0,0,0,1,0,1,0,1,2008,2013,0,0,0,0,0,0,0,0,1,1,,10/6/15 1:59,2/8/16 12:09,181952
248556,Renee,M,Benefield,1,100248556,1,1/1/1985,1,0,0,0,0,1,0,0,0,0,NULL,NULL,0,0,0,0,0,0,0,0,,,,10/6/15 2:01,10/29/15 11:09,246539
248574,Eric,Mary,Kramer,1,100248574,1,1/1/1961,1,0,0,0,0,1,0,0,0,1,1980,1984,0,0,0,0,0,0,0,0,1,1,,10/8/15 9:20,10/20/15 12:54,245076
248586,Portia,J,Dube,1,100248586,1,1/1/1954,1,0,0,1,0,0,0,1,0,1,1972,1974,0,0,1,0,0,0,0,0,3,2,,10/9/15 12:33,10/16/15 8:07,188978
248602,Adam,,Bondarowicz,1,100248602,1,1/1/1983,1,0,0,1,0,0,0,1,0,1,2002,2007,0,0,0,0,0,1,0,0,1,1,,10/12/15 12:19,11/19/15 1:11,184802
248608,Bradley,B.,Flanagan,1,100248608,1,1/1/1964,1,0,0,1,0,0,0,1,0,1,1982,1985,0,0,0,0,0,0,0,0,2,2,,10/12/15 1:00,10/12/15 1:00,182894
248612,Glen,E,Godziela,1,100248612,1,1/1/1959,1,0,0,1,0,0,0,1,0,1,1977,1979,0,0,0,0,0,0,0,0,1,1,,10/12/15 1:45,10/12/15 2:12,246539
248614,Antonia,J,Granchelli,1,100248614,1,1/1/1987,1,0,0,1,0,0,0,0,0,0,NULL,NULL,0,0,0,0,0,0,0,0,,,,10/12/15 2:00,10/12/15 2:01,182894
248629,Patricia,M,Dinella,1,100248629,1,1/1/2002,1,0,0,0,0,1,0,1,0,99,NULL,NULL,0,0,0,0,0,0,0,0,,,,10/14/15 12:52,10/14/15 12:53,245881
248667,Oona,R C,Rogers,1,100248667,1,1/1/1992,1,0,0,1,0,0,0,1,0,1,2012,2013,0,0,0,0,0,0,0,0,1,2,,10/19/15 9:37,1/21/16 12:29,244492
248675,Lydia,Anne,Baillargeon,1,100248675,1,1/1/2010,1,0,0,1,0,0,0,1,0,99,NULL,NULL,0,0,0,0,0,0,0,0,,,,10/19/15 1:25,10/19/15 1:25,182894
248680,Susan,N,Beatus,1,100248680,1,1/1/1952,1,0,0,1,0,0,0,1,0,1,1974,1978,0,0,0,0,0,0,0,0,4,1,,10/20/15 8:07,10/20/15 8:07,248351
248683,Gregory,L,Bilicska,1,100248683,1,1/1/2008,1,0,0,1,0,0,0,1,0,99,NULL,NULL,0,0,0,0,0,0,0,0,,,,10/20/15 8:52,12/17/15 10:48,182894
248684,Mary,W,Jacobs,1,100248684,1,1/1/2008,1,0,0,1,0,0,0,1,0,99,NULL,NULL,0,0,0,0,0,0,0,0,,,,10/20/15 8:56,12/11/15 11:55,182894
248689,Michael,K.,La Bruno,1,100248689,1,1/1/1958,1,0,0,0,0,1,0,0,0,1,1979,1982,0,0,0,0,0,0,0,0,3,2,,10/20/15 12:50,10/20/15 12:50,246539
248701,Paul,J,McCabe,1,100248701,1,1/1/1955,1,0,0,1,0,0,0,1,0,1,1974,1992,0,0,0,0,0,0,0,0,3,1,,10/21/15 8:38,10/21/15 8:39,246539
248711,Xu,E,Murgia,1,100248711,1,1/1/1981,1,0,0,0,0,1,0,1,0,1,2001,2006,0,0,0,0,1,1,0,0,1,1,,10/21/15 12:57,10/21/15 12:57,244583
248714,Allan,,Olson,1,100248714,1,1/1/1945,1,0,0,0,0,1,0,1,0,1,1980,1981,0,0,0,0,0,0,0,0,1,4,,10/21/15 2:29,2/29/16 8:27,178107
248733,Peter,A,Ralston,1,100248733,1,1/1/2010,1,0,0,1,0,0,0,0,0,99,NULL,NULL,0,0,0,0,0,0,0,0,,,,10/22/15 12:51,10/22/15 12:52,182894
248735,Stephen,W,Rubin,1,100248735,1,1/1/1988,1,0,0,1,0,0,0,0,0,0,NULL,NULL,0,0,0,0,0,0,0,0,,,,10/22/15 12:54,10/22/15 12:55,182894
248792,Slippery,,Pete,2,100248792,1,1/1/1973,1,0,0,0,0,1,0,1,0,1,1992,1993,0,0,0,0,0,0,0,0,1,1,,10/29/15 7:24,10/29/15 7:24,244583
248793,Tara,J,Teitelbaum,1,100248793,1,1/1/1974,1,0,0,0,0,1,0,0,0,0,NULL,NULL,0,0,0,0,0,0,0,0,,,,10/29/15 7:27,10/29/15 7:27,244583
248799,Sonali,,Vogel,1,100248799,1,1/1/1968,1,0,0,0,0,1,0,0,0,1,1986,1988,0,0,0,0,0,0,0,0,3,1,,10/29/15 11:07,10/29/15 11:08,244583
248800,Gayle,S,Wyse,1,100248800,1,1/1/1995,1,0,0,0,0,1,0,1,0,0,NULL,NULL,0,0,0,0,0,0,0,0,,,,10/29/15 11:09,10/29/15 11:10,244583
248812,Aditya,B,Yip,1,100248812,1,1/1/1987,1,0,0,0,0,1,0,1,0,1,2009,2013,0,0,0,0,1,0,0,0,1,1,,10/29/15 1:18,10/29/15 1:19,244583
248820,David,,van der Sluis,1,100248820,1,1/1/1969,1,0,0,1,0,0,0,1,0,1,1991,1991,0,0,0,0,0,0,0,0,1,1,,10/30/15 9:23,10/30/15 9:24,248678
248843,Thomas,Hunter,Williamson,1,100248843,1,1/1/1989,1,0,0,1,0,0,0,1,0,0,NULL,NULL,0,0,0,0,0,0,0,0,,,,11/2/15 12:30,12/11/15 1:10,245881
248856,Matthew,P,Benoit,1,100248856,1,1/1/1972,1,0,0,0,0,1,0,0,0,1,1992,1996,0,0,0,0,0,0,0,0,3,2,,11/3/15 9:12,11/3/15 9:13,245881
248857,Jeffrey,I.,Brown,1,100248857,1,1/1/1972,1,0,0,0,0,1,0,1,0,0,NULL,NULL,0,0,0,0,0,0,0,0,,,,11/3/15 9:14,11/3/15 9:14,245881
248879,David,S,Freedman,1,100248879,1,1/1/1946,1,0,0,0,0,1,0,1,0,1,1966,1968,0,0,0,0,0,0,0,0,1,1,,11/5/15 2:41,11/5/15 2:41,245881
248897,Bernadette,W.,Stein,1,100248897,1,1/1/1946,1,0,0,0,0,1,0,1,0,1,1966,1967,0,0,0,0,0,0,0,0,1,1,,11/9/15 2:32,11/9/15 2:32,246539
248945,Nicole,M,Zeller,1,100248945,1,1/1/1984,1,0,0,0,0,1,0,1,0,1,2001,2005,0,0,0,0,0,1,0,0,1,1,,11/13/15 10:14,11/13/15 10:14,244583
248946,Danielle,,Santema,1,100248946,1,1/1/1986,1,0,0,0,0,1,0,0,0,0,NULL,NULL,0,0,0,0,0,0,0,0,,,,11/13/15 10:20,11/13/15 10:20,244583
248947,David,C,Shamsaei Far,1,100248947,1,1/1/2007,1,0,0,0,0,1,0,0,0,99,NULL,NULL,0,0,0,0,0,0,0,0,,,,11/13/15 10:20,11/13/15 10:20,244583
248948,Brett,D,Miller,1,100248948,1,1/1/2011,1,0,0,0,0,1,0,1,0,99,NULL,NULL,0,0,0,0,0,0,0,0,,,,11/13/15 10:20,11/13/15 10:20,244583
248965,Matthew,A.,Butler,1,100248965,1,1/1/1959,1,0,0,1,0,0,0,1,0,1,1979,1982,0,0,0,0,0,0,0,0,1,1,,11/16/15 9:12,2/29/16 4:42,181952
248970,Angel,W,Guttag,1,100248970,1,1/1/1954,1,0,0,1,0,0,0,0,0,0,NULL,NULL,0,0,0,0,0,0,0,0,,,,11/16/15 9:55,11/16/15 4:05,182894
248974,Sarah,,Jagtiani,1,100248974,1,1/1/1963,1,0,0,0,0,1,0,1,0,1,1980,1982,0,0,0,0,0,0,0,0,1,1,,11/16/15 1:28,11/16/15 1:28,246539
249067,Robert,,Warf,1,100249067,1,1/1/1990,1,0,0,0,0,1,0,0,0,0,NULL,NULL,0,0,0,0,0,0,0,0,,,,11/23/15 2:36,11/23/15 2:37,245094
249115,George,A,Rodrigues,1,100249115,1,1/1/1994,1,0,0,1,0,0,0,1,0,0,NULL,NULL,0,0,0,0,0,0,0,0,,,,11/30/15 2:16,1/13/16 8:32,182894
249118,Heribert,R.,Joyce,1,100249118,1,1/1/2000,1,0,0,0,0,1,0,1,0,99,NULL,NULL,0,0,0,0,0,0,0,0,,,,12/1/15 2:56,12/1/15 2:57,245881
249119,Michael,F,Bryant,1,100249119,1,1/1/1999,1,0,0,0,0,1,0,0,0,99,NULL,NULL,0,0,0,0,0,0,0,0,,,,12/1/15 3:00,12/1/15 3:01,245881
249124,Ethan,E,Alcoba,1,100249124,1,1/1/1957,1,0,0,1,0,0,0,1,0,1,1977,1980,0,0,0,0,0,0,0,0,3,1,,12/2/15 11:25,12/2/15 11:26,248351
249127,Mark,J,Ichiye,1,100249127,1,1/1/1976,1,0,0,0,0,1,0,1,0,1,2003,2007,0,0,0,0,0,0,0,0,2,1,,12/2/15 1:42,12/2/15 1:43,248351
249128,Norman,,Copeland,1,100249128,1,1/1/1952,1,0,0,1,0,0,0,1,0,0,1971,1971,0,0,0,0,0,0,0,0,4,1,,12/2/15 2:25,1/14/16 3:51,248351
249141,Joseph,D,Hayenga,1,100249141,1,1/1/1962,1,0,0,0,0,1,0,1,0,1,1982,1986,0,0,0,0,0,0,0,0,1,1,,12/3/15 3:02,12/3/15 3:04,244492
249153,Jay,J,Pastrana,1,100249153,1,1/1/1991,1,0,0,0,0,1,0,1,0,1,2010,2012,0,0,0,0,0,0,0,0,1,2,,12/4/15 3:29,2/6/16 4:45,244492
249154,Anthony,S,Rein,1,100249154,1,1/1/1992,1,0,0,0,0,1,0,0,0,0,NULL,NULL,0,0,0,0,0,0,0,0,,,,12/4/15 3:36,12/4/15 3:37,244583
249155,J.,A,Rogers,1,100249155,1,1/1/2011,1,0,0,0,0,1,0,1,0,99,NULL,NULL,0,0,0,0,0,0,0,0,,,,12/4/15 3:36,12/4/15 3:37,244583
249156,Howard,David,Conroy,1,100249156,1,1/1/2013,1,0,0,0,0,1,0,1,0,99,NULL,NULL,0,0,0,0,0,0,0,0,,,,12/4/15 3:36,12/4/15 3:37,244583
249157,Steven,I,Flanigan,1,100249157,1,1/1/2014,1,0,0,0,0,1,0,0,0,99,NULL,NULL,0,0,0,0,0,0,0,0,,,,12/4/15 3:36,12/4/15 3:37,244583
249197,Theodore,M,Derry,1,100249197,1,1/1/1984,1,0,0,1,0,0,0,1,0,1,2003,2007,0,0,0,0,0,1,0,0,3,1,,12/9/15 9:53,2/6/16 5:24,244492
249198,Jeffrey,James,Reddick,1,100249198,1,1/1/1985,1,0,0,1,0,0,0,0,0,0,NULL,NULL,0,0,0,0,0,0,0,0,,,,12/9/15 10:03,12/9/15 10:04,245094
249199,Robert,A,Bassinger,1,100249199,1,1/1/2005,1,0,0,1,0,0,0,0,0,99,NULL,NULL,0,0,0,0,0,0,0,0,,,,12/9/15 10:03,12/9/15 10:04,245094
249200,Thomas,B,Brown,1,100249200,1,1/1/2007,1,0,0,1,0,0,0,0,0,99,NULL,NULL,0,0,0,0,0,0,0,0,,,,12/9/15 10:03,12/9/15 10:04,245094
249201,Charles,E,Chapple,1,100249201,1,1/1/2011,1,0,0,1,0,0,0,1,0,99,NULL,NULL,0,0,0,0,0,0,0,0,,,,12/9/15 10:03,12/9/15 10:04,245094
249211,Alexander,Sidney,Henrichs,1,100249211,1,1/1/1960,1,0,0,0,0,1,0,1,0,1,1981,1983,0,0,0,0,0,0,0,0,2,2,,12/9/15 1:34,12/9/15 1:35,248678
249228,Ralph,,Lee,1,100249228,1,1/1/1960,1,0,0,0,0,1,0,1,0,1,1983,1987,0,0,0,0,0,0,0,0,1,2,,12/10/15 12:28,2/3/16 10:58,245094
249244,Adam,J,Prejean,1,100249244,1,1/1/1968,1,0,0,1,0,0,0,1,0,1,1987,1990,0,0,0,0,0,0,0,0,1,1,,12/11/15 12:38,1/7/16 1:59,246539
249248,Thomas,Gardner,Ryan,1,100249248,1,1/1/1961,1,0,0,1,0,0,0,0,0,0,NULL,NULL,0,0,0,0,0,0,0,0,,,,12/11/15 12:58,12/14/15 12:49,182894
249278,Vincent,F,Dolnik,1,100249278,1,1/1/1986,1,0,0,0,0,1,0,1,0,1,2006,2012,0,0,0,0,1,1,0,0,4,1,,12/15/15 9:40,12/15/15 9:40,244583
249280,Cornelius,J,Sawislak,1,100249280,1,1/1/1987,1,1,0,0,0,0,0,0,0,0,NULL,NULL,0,0,0,0,0,0,0,0,,,,12/15/15 9:54,12/15/15 9:55,244583
249281,Heidi,P,Fister,1,100249281,1,1/1/2007,1,0,0,0,0,1,0,1,0,99,NULL,NULL,0,0,0,0,0,0,0,0,,,,12/15/15 9:54,12/15/15 9:55,244583
249282,Anthony,L,Lew,1,100249282,1,1/1/2008,1,0,0,0,0,1,0,1,0,99,NULL,NULL,0,0,0,0,0,0,0,0,,,,12/15/15 9:54,12/15/15 9:55,244583
249283,Cristina,M,Forget,1,100249283,1,1/1/2008,1,0,0,0,0,1,0,0,0,99,NULL,NULL,0,0,0,0,0,0,0,0,,,,12/15/15 9:54,12/15/15 9:55,244583
249284,Pedro Mateo,,Brown,1,100249284,1,1/1/2013,1,0,0,0,0,1,0,0,0,99,NULL,NULL,0,0,0,0,0,0,0,0,,,,12/15/15 9:54,12/15/15 9:55,244583
249295,Rejean,,Bakman,1,100249295,1,1/1/1951,1,0,0,1,0,0,0,1,0,1,1979,1981,0,0,0,0,0,0,0,0,1,1,,12/16/15 12:05,1/21/16 11:25,246539
249303,Daniel,Abraham,Kudymov,1,100249303,1,1/1/1965,1,0,0,1,0,0,0,0,0,1,1985,1991,0,0,0,0,0,0,0,0,1,2,,12/17/15 7:23,12/17/15 7:23,248678
249322,Jill,M,Orencia,1,100249322,1,1/1/1959,1,0,0,0,0,1,0,1,0,1,1979,1991,0,0,0,0,0,0,0,0,1,1,,12/17/15 1:23,12/21/15 12:43,245881
249356,Laura,S,Alloway,1,100249356,1,1/1/1980,1,0,0,1,0,0,0,1,0,0,NULL,NULL,0,0,0,0,0,0,0,0,,,,12/22/15 8:55,1/19/16 10:18,244892
249358,Michael,J,Saxe,1,100249358,1,1/1/1956,1,0,0,1,0,0,0,1,0,1,1979,1981,0,0,0,0,0,0,0,0,3,1,,12/22/15 9:12,1/8/16 10:13,248350
249470,Edward,B,Banks,1,100249470,1,1/1/1982,1,0,0,0,0,1,0,1,0,1,2000,2015,0,0,0,0,0,0,0,0,1,1,,1/6/16 7:52,1/21/16 1:33,245881
249472,Jo Anne,J,Spalding,1,100249472,1,1/1/1990,1,0,0,0,0,1,0,0,0,0,NULL,NULL,0,0,0,0,0,0,0,0,,,,1/6/16 7:55,1/6/16 7:55,245881
249473,Robert,M,Xu,1,100249473,1,1/1/1978,1,0,0,0,0,1,0,1,0,1,1996,2000,0,0,0,0,0,0,0,0,1,1,,1/6/16 8:03,1/7/16 9:00,245092
249476,Curt,M,Alford,1,100249476,1,1/1/1959,1,0,0,1,0,0,0,0,0,1,1978,1984,0,0,0,0,0,0,0,0,1,1,,1/6/16 10:22,2/18/16 10:05,188937
249497,Charlotte,S.,Lobo,1,100249497,1,1/1/1993,1,0,0,0,0,1,0,1,0,0,NULL,NULL,0,0,0,0,0,0,0,0,,,,1/7/16 1:04,1/7/16 1:05,245094
249522,John,H,Zajac,1,100249522,1,1/1/1961,1,0,0,1,0,0,0,1,0,1,1980,1984,0,0,0,0,0,0,0,0,4,2,,1/11/16 10:43,1/12/16 11:21,248678
249543,Amy,E,Kirkbir,1,100249543,1,1/1/1949,1,0,0,1,0,0,0,1,0,1,1969,1971,0,0,0,0,0,0,0,0,1,2,,1/12/16 10:51,1/12/16 10:51,248678
249552,Matthew,L,Nadershahi,1,100249552,1,1/1/1979,1,0,0,1,0,0,0,1,0,1,1998,2004,0,0,0,0,0,0,0,0,1,1,,1/13/16 7:50,1/19/16 12:37,245092
249557,Michael,D,Westerby,1,100249557,1,1/1/1959,1,0,0,1,0,0,0,1,0,1,1977,1977,0,0,0,0,0,0,0,0,2,1,,1/13/16 9:35,1/19/16 2:27,182894
249562,Mark,S,Bryner,1,100249562,1,1/1/1959,1,0,0,1,0,0,0,0,0,0,NULL,NULL,0,0,0,0,0,0,0,0,,,,1/13/16 9:56,1/14/16 9:38,182894
249588,John,J,Laird,1,100249588,1,1/1/1963,1,0,0,0,0,1,0,1,0,1,1984,1988,0,0,0,0,0,0,0,0,4,1,,1/14/16 9:20,1/21/16 1:35,248351
249589,Michael,D,Lee,1,100249589,1,1/1/1996,1,0,0,1,0,0,0,0,0,0,NULL,NULL,0,0,0,0,0,0,0,0,,,,1/14/16 10:07,1/14/16 10:07,182894
249590,Li-Chung,B,McBeth,1,100249590,1,1/1/1995,1,0,0,1,0,0,0,1,0,0,NULL,NULL,0,0,0,0,0,0,0,0,,,,1/14/16 10:24,1/14/16 10:24,182894
249591,Tara,Daniel,Werking,1,100249591,1,1/1/1963,1,0,0,1,0,0,0,1,0,1,1981,1984,0,0,0,0,0,0,0,0,3,1,,1/14/16 10:28,1/14/16 10:29,178107
249592,Sumeet,L,Jepson,1,100249592,1,1/1/1950,1,0,0,1,0,0,0,1,0,1,1970,1970,0,0,0,0,0,0,0,0,1,1,,1/14/16 10:37,1/14/16 10:37,248351
249635,Meghan,,Lorenz,1,100249635,1,1/1/1982,1,0,0,0,0,1,0,1,0,1,2001,2004,0,0,0,0,0,0,0,0,4,1,,1/20/16 7:47,2/6/16 4:18,244492
249636,Charulata,R,McIsaac,1,100249636,1,1/1/1978,1,0,0,0,0,1,0,0,0,0,NULL,NULL,0,0,0,0,0,0,0,0,,,,1/20/16 7:54,1/20/16 7:55,246539
249637,,,,99,100249637,1,1/1/2010,1,0,0,0,0,1,0,0,0,99,NULL,NULL,0,0,0,0,0,0,0,0,,,,1/20/16 8:08,1/20/16 8:08,246539
249638,Matthew,U I,Shang,1,100249638,1,1/1/2012,1,0,0,0,0,1,0,1,0,99,NULL,NULL,0,0,0,0,0,0,0,0,,,,1/20/16 8:09,1/20/16 8:10,246539
249639,Jessica,B,Becker,1,100249639,1,1/1/2012,1,0,0,0,0,1,0,0,0,99,NULL,NULL,0,0,0,0,0,0,0,0,,,,1/20/16 8:10,1/20/16 8:11,246539
249640,Thien,C,Mason,1,100249640,1,1/1/1960,1,0,0,1,0,0,0,1,0,1,1980,1983,0,0,0,0,0,0,0,0,1,1,,1/20/16 9:49,1/20/16 9:49,248351
249652,Donald,D,Mauke,1,100249652,1,1/1/1961,1,0,0,1,0,0,0,1,0,1,1980,1982,0,0,0,0,0,0,0,0,1,1,,1/21/16 8:28,2/10/16 3:43,245092
249716,Thomas,W,Andrews,1,100249716,1,1/1/1957,1,0,0,1,0,0,0,1,0,1,1982,1985,0,0,0,0,0,0,0,0,4,1,,1/25/16 3:18,1/25/16 3:19,248351
249770,Brian,M,Covello,1,100249770,1,1/1/1960,1,0,0,0,0,1,0,1,0,1,1980,1984,0,0,0,0,0,0,0,0,2,1,,1/28/16 11:38,1/28/16 11:39,248351
249797,Darren,T,Kelly,1,100249797,1,1/1/2008,1,0,0,1,0,0,0,0,0,99,NULL,NULL,0,0,0,0,0,0,0,0,,,,1/29/16 10:19,1/29/16 10:19,246539
249804,C.,J,Menard,1,100249804,1,1/1/2011,1,0,0,1,0,0,0,0,0,99,NULL,NULL,0,0,0,0,0,0,0,0,,,,1/29/16 1:04,1/29/16 1:05,246539
249851,Terrance,J. Hunter,Ristas,1,100249851,1,1/1/1977,1,0,0,0,0,1,0,1,0,1,1996,2003,0,0,0,0,0,0,0,0,4,1,,2/2/16 10:21,2/2/16 10:22,248351
249863,Robert,A,Yale,1,100249863,1,1/1/1956,1,0,0,1,0,0,0,1,0,1,1976,1980,0,0,0,0,0,0,0,0,4,1,,2/2/16 1:26,2/2/16 1:26,248351
249873,Gwendolyn,,Olson,1,100249873,1,1/1/2006,1,0,0,1,0,0,0,0,0,99,NULL,NULL,0,0,0,0,0,0,0,0,,,,2/3/16 8:41,2/3/16 8:42,248348
249883,Carol,R,Vasios,1,100249883,1,1/1/1957,1,0,0,1,0,0,0,0,0,1,1982,1987,0,0,0,0,0,0,0,0,4,6,,2/3/16 1:04,2/4/16 9:25,248351
249940,Timothy,M,Williams,1,100249940,1,1/1/1966,1,0,0,0,0,1,0,1,0,1,1987,1990,0,0,0,0,0,0,0,0,1,1,,2/8/16 2:18,2/8/16 2:18,245881
249964,Jack,J,Calloway,1,100249964,1,1/1/1965,1,0,0,0,0,1,0,0,0,1,1983,1987,0,0,0,0,0,0,0,0,2,1,,2/10/16 9:36,2/10/16 9:36,245881
249969,Laurie,,Entis,1,100249969,1,1/1/1963,1,0,0,1,0,0,0,1,0,1,1981,1985,0,0,0,0,0,0,0,0,4,1,,2/10/16 3:29,2/10/16 3:29,248351
249975,Douglas,M.,Eurek,1,100249975,1,1/1/1956,1,0,0,1,0,0,0,1,0,1,1974,1977,0,0,0,0,0,0,0,0,1,1,,2/11/16 12:38,2/11/16 12:38,248351
252015,Hengning,E,Allan,1,100252015,1,1/1/1989,1,0,0,0,0,1,0,1,0,1,2008,2009,0,0,0,0,0,0,0,0,1,2,,2/16/16 11:03,2/16/16 11:03,248351
252022,John,,Ratner,1,100252022,1,1/1/1964,1,0,0,0,0,1,0,1,0,1,1984,1988,0,0,0,0,0,0,0,0,1,1,,2/16/16 1:01,2/17/16 8:46,182613
252078,Stanton,W,Crisona,2,2078,2,1/1/1956,1,0,0,1,0,0,0,1,0,1,1976,1977,0,0,0,0,0,0,0,0,1,1,,2/19/16 12:02,2/19/16 8:15,249901
252106,James,E,Dunlap,1,100252106,1,1/1/1957,1,0,0,1,0,0,0,1,0,1,1977,1981,0,0,0,0,0,0,0,0,2,2,,2/24/16 11:17,2/24/16 11:17,248351
252112,Colman,,Grosselin,2,252112,2,1/1/1956,1,0,0,1,0,0,0,1,0,1,1976,1980,0,0,0,0,0,0,0,0,3,1,,2/24/16 2:08,2/24/16 2:09,182894
252118,Victoria,B.,Viccaro,1,100252118,1,1/1/1953,1,0,0,0,0,1,0,1,0,1,1976,1985,0,0,0,0,0,0,0,0,2,1,,2/25/16 8:11,2/29/16 12:37,184802
252131,David,MI,Taylor,2,252131,2,1/1/1963,1,0,0,0,0,1,0,1,0,1,1981,1984,0,0,0,0,0,0,0,0,1,2,,2/25/16 2:58,2/25/16 2:59,249901